0;0,327002;0,0249051;0,2;0,0499998;3,06303;4,19911e-05;265;
0,001;0,657823;0,0300463;0,873162;0,0499998;13,3726;0,00349423;265;
0,002;0,880357;0,0383728;0,200029;0,0499999;3,06349;4,20091e-05;265;
0,003;0,20556;0,022685;0,200001;0,0499999;3,06305;4,19912e-05;265;
0,004;0,280162;0,0362352;0,2;0,0499999;3,06304;4,19909e-05;265;
0,005;0,924772;0,0166339;0,200003;0,05;3,06309;4,1992e-05;265;
0,006;0,411907;0,037104;0,200001;0,0499999;3,06305;4,19911e-05;265;
0,007;0,567836;0,0218605;0,2;0,0499999;3,06305;4,19908e-05;265;
0,008;0,819223;0,0152543;0,20002;0,05;3,06336;4,20027e-05;265;
0,009;0,915727;0,0288646;0,200001;0,0499998;3,06305;4,19918e-05;265;
0,01;0,370406;0,0320764;0,439113;0,0499998;6,72509;0,000444421;264;
0,011;0,660558;0,0304079;0,871458;0,0499999;13,3466;0,00347376;265;
0,012;0,991141;0,0321888;0,200001;0,0499998;3,06304;4,19914e-05;265;
0,013;0,232421;0,0412935;0,2;0,0499999;3,06304;4,19908e-05;265;
0,014;0,482009;0,0176598;0,200002;0,05;3,06308;4,19913e-05;265;
0,015;0,625217;0,0163962;0,200001;0,05;3,06307;4,19911e-05;265;
0,016;0,544934;0,0348303;0,2;0,0499998;3,06304;4,19911e-05;265;
0,017;0,892034;0,0473707;0,2;0,05;3,06305;4,19903e-05;364;
0,018;0,24415;0,0332772;0,2;0,0499998;3,06303;4,1991e-05;265;
0,019;0,727838;0,0146609;0,200001;0,05;3,06307;4,19911e-05;265;
0,02;0,794242;0,0348421;0,200001;0,0499999;3,06306;4,19914e-05;265;
0,021;0,834264;0,0439272;0,2;0,0499998;3,06303;4,19908e-05;361;
0,022;0,995302;0,0478882;0,200003;0,0499999;3,06308;4,19921e-05;265;
0,023;0,828469;0,032459;0,2;0,0499999;3,06305;4,19908e-05;265;
0,024;0,718373;0,0459687;0,2;0,0499999;3,06304;4,19906e-05;372;
0,025;0,929146;0,0118154;0,200003;0,05;3,06309;4,19921e-05;265;
0,026;0,28626;0,0273096;0,2;0,0499998;3,06304;4,1991e-05;265;
0,027;0,677549;0,0191082;0,2;0,0499999;3,06304;4,19909e-05;265;
0,028;0,20476;0,0319088;0,2;0,0499999;3,06304;4,19906e-05;264;
0,029;0,291439;0,0467627;0,2;0,0499998;3,06303;4,19911e-05;265;
0,03;0,965291;0,0193537;0,200002;0,0499999;3,06308;4,1992e-05;265;
0,031;0,293848;0,0156166;0,200001;0,05;3,06306;4,19907e-05;265;
0,032;0,268233;0,0120397;0,200001;0,0499999;3,06305;4,19908e-05;265;
0,033;0,589008;0,0172705;0,200002;0,05;3,06308;4,19914e-05;265;
0,034;0,50456;0,0214368;0,200002;0,0499998;3,06306;4,19918e-05;265;
0,035;0,361236;0,0282143;0,200005;0,0499998;3,06311;4,1994e-05;265;
0,036;0,406443;0,0115927;0,200001;0,05;3,06306;4,19909e-05;265;
0,037;0,609724;0,0288193;0,200001;0,0499999;3,06305;4,19909e-05;265;
0,038;0,999518;0,0426876;0,200003;0,0499999;3,06308;4,19924e-05;265;
0,039;0,813584;0,0113484;0,200448;0,0499999;3,0699;4,22736e-05;264;
0,04;0,414125;0,0158689;0,200001;0,05;3,06307;4,19911e-05;265;
0,041;0,289845;0,0439145;0,2;0,0499999;3,06304;4,19906e-05;265;
0,042;0,239792;0,0245498;0,200001;0,0499998;3,06305;4,19917e-05;265;
0,043;0,281922;0,0245797;0,2;0,0499999;3,06304;4,19909e-05;265;
0,044;0,886947;0,0301239;0,200001;0,0499999;3,06305;4,19912e-05;265;
0,045;0,965568;0,0117984;0,200004;0,05;3,06311;4,19927e-05;265;
0,046;0,708851;0,0168521;0,200003;0,05;3,0631;4,19921e-05;265;
0,047;0,877355;0,0382653;0,200002;0,0499999;3,06307;4,19916e-05;265;
0,048;0,806929;0,0400589;0,200001;0,0499998;3,06304;4,19912e-05;265;
0,049;0,614439;0,0204728;0,200001;0,0499999;3,06306;4,19909e-05;265;
0,05;0,318355;0,0259313;0,2;0,0499999;3,06305;4,19907e-05;265;
0,051;0,413378;0,040006;0,2;0,0499998;3,06303;4,19911e-05;265;
0,052;0,965793;0,037235;0,200002;0,0499998;3,06306;4,19924e-05;265;
0,053;0,665709;0,0448801;0,200001;0,0499999;3,06305;4,19909e-05;265;
0,054;0,284105;0,0238941;0,2;0,0499998;3,06303;4,19911e-05;265;
0,055;0,299224;0,0149684;0,2;0,0499999;3,06305;4,19906e-05;265;
0,056;0,355432;0,0242739;0,2;0,0499998;3,06303;4,1991e-05;265;
0,057;0,954567;0,048988;0,200001;0,0499998;3,06305;4,19918e-05;265;
0,058;0,970167;0,0373755;0,200001;0,0499999;3,06306;4,19913e-05;265;
0,059;0,255322;0,0296812;0,2;0,0499999;3,06304;4,19908e-05;265;
0,06;0,89214;0,0150043;0,200003;0,05;3,0631;4,1992e-05;263;
0,061;0,386363;0,0493546;0,2;0,0499999;3,06305;4,19908e-05;265;
0,062;0,362439;0,0424119;0,2;0,0499998;3,06303;4,19911e-05;265;
0,063;0,457066;0,0243815;0,200001;0,0499998;3,06304;4,19914e-05;265;
0,064;0,694147;0,0439561;0,200001;0,0499998;3,06305;4,19917e-05;265;
0,065;0,566456;0,0276977;0,200015;0,0499999;3,06327;4,19998e-05;265;
0,066;0,9351;0,020702;0,200001;0,0499998;3,06305;4,19917e-05;265;
0,067;0,607394;0,0235505;0,200001;0,0499999;3,06306;4,19908e-05;265;
0,068;0,385506;0,0276716;0,2;0,0499999;3,06305;4,19909e-05;265;
0,069;0,937928;0,0403099;0,20003;0,0499999;3,0635;4,20093e-05;265;
0,07;0,580899;0,0417578;0,200002;0,0499999;3,06307;4,19917e-05;265;
0,071;0,718813;0,0234046;0,2;0,0499999;3,06305;4,19908e-05;265;
0,072;0,340104;0,0319964;0,39695;0,05;6,07938;0,000328297;264;
0,073;0,931466;0,0244503;0,200001;0,0499999;3,06307;4,19914e-05;265;
0,074;0,623557;0,0368579;0,2;0,0499998;3,06304;4,1991e-05;265;
0,075;0,29558;0,0150485;0,200001;0,05;3,06306;4,19908e-05;265;
0,076;0,842455;0,0175182;0,200003;0,05;3,06309;4,1992e-05;265;
0,077;0,579643;0,0495219;0,2;0,0499999;3,06304;4,1991e-05;265;
0,078;0,437101;0,041452;0,200001;0,0499999;3,06305;4,19912e-05;265;
0,079;0,894555;0,0354735;0,200001;0,0499998;3,06305;4,19918e-05;265;
0,08;0,61478;0,0242567;0,200001;0,0499998;3,06305;4,19918e-05;265;
0,081;0,205489;0,0119094;0,207138;0,05;3,17238;4,66489e-05;263;
0,082;0,439285;0,0258255;0,2;0,0499998;3,06304;4,19911e-05;265;
0,083;0,330121;0,0382226;0,2;0,0499998;3,06303;4,19912e-05;265;
0,084;0,526419;0,0326751;0,200001;0,0499999;3,06306;4,19913e-05;265;
0,085;0,798891;0,0457228;0,200002;0,0499999;3,06307;4,19916e-05;265;
0,086;0,917261;0,0453877;0,200001;0,0499998;3,06304;4,19914e-05;265;
0,087;0,92557;0,016991;0,200003;0,05;3,06309;4,1992e-05;265;
0,088;0,979741;0,0371489;0,200001;0,0499999;3,06306;4,19912e-05;265;
0,089;0,258197;0,0113841;0,200874;0,0499999;3,07643;4,25437e-05;263;
0,09;0,690196;0,0398342;0,200001;0,0499999;3,06306;4,19913e-05;265;
0,091;0,346169;0,0420771;0,2;0,0499999;3,06304;4,19909e-05;265;
0,092;0,608813;0,0198421;0,200001;0,0499998;3,06304;4,19912e-05;265;
0,093;0,381588;0,0497584;0,200001;0,0499999;3,06305;4,1991e-05;266;
0,094;0,396376;0,0118628;0,200001;0,05;3,06306;4,19908e-05;265;
0,095;0,600393;0,0218994;0,2;0,0499999;3,06305;4,19908e-05;265;
0,096;0,680447;0,025967;0,200001;0,0499998;3,06305;4,19915e-05;265;
0,097;0,530286;0,0303546;0,682137;0,0499998;10,447;0,00166602;265;
0,098;0,973723;0,0121504;0,200002;0,0499999;3,06308;4,1992e-05;265;
0,099;0,217655;0,0313944;0,2;0,0499999;3,06304;4,19906e-05;265;
0,1;0,426052;0,0221999;0,2;0,0499999;3,06304;4,19908e-05;265;
0,101;0,99959;0,0188497;0,200002;0,0499999;3,06307;4,19919e-05;265;
0,102;0,716652;0,0411193;0,200001;0,0499998;3,06305;4,19919e-05;265;
0,103;0,324727;0,0344687;0,2;0,0499999;3,06305;4,19908e-05;265;
0,104;0,315913;0,0471895;0,200012;0,0499999;3,06323;4,19983e-05;265;
0,105;0,714397;0,0396075;0,200002;0,0499998;3,06305;4,1992e-05;265;
0,106;0,756116;0,042465;0,200001;0,0499998;3,06305;4,19914e-05;265;
0,107;0,987879;0,0391786;0,200002;0,0499998;3,06306;4,19924e-05;265;
0,108;0,290774;0,0207752;0,2;0,0499999;3,06305;4,19906e-05;265;
0,109;0,328328;0,0208661;0,2;0,0499998;3,06303;4,19912e-05;265;
0,11;0,455826;0,0479522;0,200001;0,0499999;3,06305;4,19911e-05;265;
0,111;0,885093;0,025062;0,200001;0,0499999;3,06306;4,19912e-05;265;
0,112;0,981345;0,0318891;0,200002;0,05;3,06309;4,19916e-05;265;
0,113;0,232511;0,0498742;0,2;0,0499999;3,06304;4,19906e-05;266;
0,114;0,927546;0,0346463;0,200001;0,0498937;3,05007;4,235e-05;265;
0,115;0,900357;0,015752;0,200002;0,049855;3,04534;4,24822e-05;265;
0,116;0,517018;0,0397961;0,200001;0,0497303;3,03011;4,29092e-05;265;
0,117;0,278362;0,0289045;0,2;0,0496926;3,0255;4,30392e-05;166;
0,118;0,233265;0,0444671;0,2;0,0496134;3,01587;4,33143e-05;166;
0,119;0,977105;0,0274566;0,200002;0,0495352;3,00641;4,35899e-05;166;
0,12;0,722746;0,0389712;0,200001;0,0494564;2,99683;4,38673e-05;166;
0,121;0,733494;0,0240968;0,200001;0,0493769;2,98721;4,41509e-05;166;
0,122;0,338904;0,0447995;0,2;0,0492995;2,97783;4,44285e-05;166;
0,123;0,520432;0,0150295;0,200001;0,0492245;2,9688;4,47003e-05;265;
0,124;0,572647;0,0482311;0,200001;0,0491492;2,95971;4,49747e-05;166;
0,125;0,606306;0,0270178;0,200001;0,0490745;2,95072;4,52488e-05;166;
0,126;0,243666;0,0231781;0,2;0,0490009;2,94186;4,55211e-05;166;
0,127;0,276283;0,0358038;0,2;0,0489258;2,93285;4,58014e-05;166;
0,128;0,381689;0,0435244;0,2;0,0488515;2,92396;4,60804e-05;166;
0,129;0,780923;0,029428;0,200002;0,0487806;2,91551;4,63502e-05;166;
0,13;0,934694;0,0455126;0,200002;0,0487067;2,90667;4,6632e-05;166;
0,131;0,998355;0,0486192;0,200002;0,0486356;2,8982;4,69056e-05;166;
0,132;0,825761;0,0239578;0,200002;0,0485649;2,88978;4,7179e-05;166;
0,133;0,857387;0,0341139;0,200001;0,0484958;2,88154;4,74483e-05;166;
0,134;0,664591;0,0378016;0,2;0,0484237;2,87297;4,7731e-05;166;
0,135;0,819085;0,0267027;0,200001;0,0483553;2,86486;4,80017e-05;166;
0,136;0,389964;0,0364381;0,200001;0,0482859;2,85664;4,82783e-05;166;
0,137;0,787314;0,0218109;0,200001;0,0482186;2,84869;4,85482e-05;166;
0,138;0,235097;0,0258436;0,2;0,0481504;2,84063;4,88234e-05;166;
0,139;0,737977;0,0107114;0,200002;0,0480835;2,83277;4,90971e-05;265;
0,14;0,294808;0,0149493;0,2;0,0480167;2,82488;4,93699e-05;265;
0,141;0,800783;0,0473912;0,200001;0,0479513;2,81719;4,964e-05;166;
0,142;0,738217;0,0182514;0,200002;0,0478856;2,80949;4,99139e-05;265;
0,143;0,74361;0,0163364;0,200001;0,0478193;2,80171;5,01903e-05;265;
0,144;0,369136;0,0431265;0,2;0,047754;2,79405;5,04653e-05;166;
0,145;0,684484;0,0422142;0,200002;0,04769;2,78658;5,07376e-05;166;
0,146;0,582344;0,0105159;0,200001;0,0476265;2,77916;5,10081e-05;265;
0,147;0,721322;0,0326333;0,200001;0,0475633;2,77179;5,12804e-05;166;
0,148;0,460942;0,036397;0,2;0,0475002;2,76443;5,15526e-05;166;
0,149;0,625749;0,0285103;0,2;0,0474368;2,75705;5,18288e-05;166;
0,15;0,564628;0,0373488;0,200001;0,047375;2,74988;5,20999e-05;166;
0,151;0,922993;0,022382;0,200001;0,0473132;2,74272;5,2373e-05;166;
0,152;0,832264;0,0244822;0,200002;0,0472532;2,73577;5,26401e-05;166;
0,153;0,61264;0,0142482;0,2;0,0471358;2,72218;5,31649e-05;364;
0,154;0,258208;0,0121467;0,2;0,0460519;2,59843;5,83495e-05;364;
0,155;0,485289;0,0431591;0,2;0,0470704;2,71464;5,3461e-05;166;
0,156;0,53992;0,0494139;0,200001;0,0470102;2,70771;5,37362e-05;166;
0,157;0,77428;0,0243404;0,200001;0,0469525;2,70107;5,40007e-05;166;
0,158;0,68093;0,0405836;0,200001;0,046893;2,69421;5,4275e-05;166;
0,159;0,734264;0,0492597;0,200001;0,0468339;2,68743;5,45496e-05;166;
0,16;0,623125;0,0155151;0,200001;0,0467763;2,68083;5,48191e-05;265;
0,161;0,809443;0,0202344;0,200002;0,0467182;2,67418;5,50926e-05;166;
0,162;0,226079;0,0262547;0,2;0,046661;2,66761;5,53621e-05;166;
0,163;0,952201;0,0309594;0,200003;0,0465713;2,6574;5,5792e-05;265;
0,164;0,28515;0,0221116;0,2;0,0465461;2,6545;5,59108e-05;166;
0,165;0,237863;0,0117809;0,2;0,0443125;2,40584;6,80648e-05;364;
0,166;0,753799;0,0161366;0,200002;0,0464348;2,64183;5,64501e-05;265;
0,167;0,234638;0,0429438;0,2;0,0463787;2,63543;5,67226e-05;166;
0,168;0,961792;0,0335999;0,200001;0,0463226;2,62907;5,69983e-05;166;
0,169;0,330823;0,049701;0,2;0,046268;2,62287;5,72672e-05;166;
0,17;0,553581;0,0363898;0,200001;0,0462139;2,61675;5,75365e-05;166;
0,171;0,955072;0,0156961;0,200002;0,046159;2,61054;5,78118e-05;263;
0,172;0,31267;0,0414469;0,2;0,0461056;2,60449;5,80784e-05;166;
0,173;0,811163;0,0476983;0,200002;0,0460521;2,59846;5,83501e-05;166;
0,174;0,869459;0,0316778;0,2;0,045595;2,54711;6,07241e-05;637;
0,175;0,450985;0,0144952;0,200001;0,0459445;2,58633;5,88982e-05;265;
0,176;0,887832;0,0108683;0,200002;0,0458916;2,58039;5,91706e-05;265;
0,177;0,426929;0,0357606;0,2;0,045839;2,57446;5,94413e-05;166;
0,178;0,566263;0,034243;0,2;0,0457877;2,5687;5,97083e-05;166;
0,179;0,96557;0,0108332;0,200003;0,0457351;2,56282;5,99858e-05;265;
0,18;0,368122;0,0151436;0,200001;0,045683;2,55696;6,02581e-05;265;
0,181;0,822044;0,0194474;0,200001;0,0456311;2,55117;6,05331e-05;166;
0,182;0,712134;0,0142323;0,2;0,0455404;2,54102;6,10157e-05;364;
0,183;0,356005;0,0456731;0,200001;0,045529;2,53975;6,10773e-05;166;
0,184;0,867944;0,0127913;0,200002;0,0454788;2,53418;6,13484e-05;265;
0,185;0,497608;0,0172111;0,200001;0,0454284;2,52854;6,16201e-05;265;
0,186;0,560754;0,0157279;0,200001;0,0453786;2,52301;6,18916e-05;265;
0,187;0,714469;0,0319711;0,923621;0,0499999;14,1455;0,00413564;264;
0,188;0,889734;0,0224397;0,200003;0,0452805;2,51213;6,24311e-05;166;
0,189;0,283868;0,0194179;0,2;0,0452293;2,50642;6,27122e-05;166;
0,19;0,331282;0,0112204;0,2;0,0445574;2,43251;6,65806e-05;364;
0,191;0,734118;0,0292941;0,200001;0,0451322;2,49567;6,3254e-05;166;
0,192;0,346545;0,0190855;0,2;0,0450821;2,49013;6,35352e-05;166;
0,193;0,686282;0,0352055;0,200001;0,0450343;2,48487;6,38061e-05;166;
0,194;0,85131;0,0353989;0,200001;0,0449871;2,47966;6,40743e-05;166;
0,195;0,202604;0,0336945;0,2;0,0449387;2,47432;6,43494e-05;166;
0,196;0,969195;0,0325477;0,200002;0,0448912;2,46912;6,46245e-05;166;
0,197;0,836888;0,0192902;0,200001;0,044844;2,46391;6,48963e-05;166;
0,198;0,943616;0,0120148;0,200003;0,0447971;2,45879;6,51704e-05;265;
0,199;0,408003;0,0161782;0,200001;0,0447501;2,45359;6,54422e-05;265;
0,2;0,605968;0,03133;0,779386;0,0499998;11,9364;0,00248498;264;
0,201;0,237098;0,0303544;0,2;0,0431709;2,28347;7,55554e-05;287;
0,202;0,788817;0,0214371;0,200001;0,044611;2,43838;6,62617e-05;166;
0,203;0,515959;0,0471629;0,2;0,0445645;2,43329;6,65386e-05;166;
0,204;0,997036;0,0141265;0,2;0,0444697;2,42294;6,71075e-05;364;
0,205;0,749776;0,0433212;0,200001;0,0444726;2,42326;6,70909e-05;166;
0,206;0,266503;0,0473831;0,2;0,0444283;2,41843;6,73582e-05;166;
0,207;0,500791;0,0459318;0,2;0,0443838;2,41359;6,76292e-05;166;
0,208;0,699923;0,0331316;0,200001;0,0443375;2,40857;6,79122e-05;166;
0,209;0,654332;0,0380867;0,200002;0,0442934;2,40379;6,8184e-05;166;
0,21;0,213135;0,041337;0,2;0,0442481;2,39885;6,84621e-05;166;
0,211;0,814213;0,0291634;0,200001;0,0442036;2,39404;6,87387e-05;166;
0,212;0,277381;0,0456747;0,2;0,0441607;2,38939;6,90058e-05;166;
0,213;0,591021;0,0408254;0,200001;0,044116;2,38457;6,92868e-05;166;
0,214;0,710196;0,0250357;0,200001;0,0440735;2,37996;6,95543e-05;166;
0,215;0,850639;0,016639;0,200002;0,0440291;2,37519;6,98362e-05;265;
0,216;0,412859;0,0448675;0,2;0,0439851;2,37043;7,01144e-05;166;
0,217;0,360499;0,0470125;0,2;0,0439432;2,36591;7,03824e-05;166;
0,218;0,491045;0,025919;0,200001;0,0438992;2,36118;7,06653e-05;166;
0,219;0,599739;0,0462132;0,200001;0,0438555;2,35648;7,09479e-05;166;
0,22;0,521532;0,0382975;0,200001;0,0438137;2,35199;7,12187e-05;166;
0,221;0,804782;0,0152629;0,200002;0,0437715;2,34748;7,14949e-05;265;
0,222;0,624951;0,0304382;0,819102;0,0499997;12,5446;0,00288457;265;
0,223;0,769877;0,0301278;0,2;0,0441749;2,39092;6,89173e-05;513;
0,224;0,981478;0,0154384;0,200003;0,0436448;2,33392;7,23297e-05;265;
0,225;0,703185;0,0174349;0,200002;0,043603;2,32943;7,26068e-05;265;
0,226;0,852361;0,0206434;0,200001;0,0435602;2,32486;7,28919e-05;166;
0,227;0,424643;0,0464514;0,2;0,0435189;2,32044;7,31679e-05;166;
0,228;0,80571;0,0466114;0,200002;0,0434797;2,31628;7,34335e-05;166;
0,229;0,802343;0,0346458;0,200001;0,0434389;2,31193;7,37087e-05;166;
0,23;0,836604;0,010568;0,200003;0,0433971;2,3075;7,39952e-05;265;
0,231;0,342655;0,0475448;0,2;0,0433553;2,30303;7,4278e-05;166;
0,232;0,928837;0,0243984;0,200002;0,0433157;2,29885;7,45518e-05;166;
0,233;0,97622;0,0247902;0,200001;0,0432753;2,29455;7,48301e-05;166;
0,234;0,885728;0,0195302;0,200001;0,0432358;2,29037;7,5104e-05;166;
0,235;0,671661;0,0483737;0,2;0,0431935;2,28587;7,53977e-05;166;
0,236;0,820874;0,0179807;0,200002;0,0431553;2,28185;7,56662e-05;265;
0,237;0,686447;0,0224831;0,200001;0,0431147;2,27755;7,59502e-05;166;
0,238;0,246155;0,0471899;0,2;0,0430746;2,2733;7,62331e-05;166;
0,239;0,47254;0,0152329;0,200001;0,0430357;2,2692;7,65105e-05;265;
0,24;0,40862;0,0154989;0,200001;0,0429963;2,26506;7,67908e-05;265;
0,241;0,756473;0,0185823;0,200002;0,0429584;2,26108;7,7063e-05;265;
0,242;0,997469;0,0357238;0,200001;0,0429184;2,25685;7,73502e-05;166;
0,243;0,354593;0,0408782;0,2;0,042878;2,25259;7,76415e-05;166;
0,244;0,615237;0,0333142;0,200001;0,04284;2,24862;7,79186e-05;166;
0,245;0,647402;0,0327282;0,200002;0,0428021;2,24464;7,81951e-05;166;
0,246;0,258326;0,0205573;0,2;0,042763;2,24053;7,84795e-05;166;
0,247;0,637626;0,0486052;0,2;0,0427253;2,23659;7,87571e-05;166;
0,248;0,272679;0,0444987;0,2;0,0426862;2,23249;7,90459e-05;166;
0,249;0,550973;0,0357004;0,200001;0,0426499;2,2287;7,93158e-05;166;
0,25;0,229675;0,0445462;0,2;0,0426106;2,22459;7,96081e-05;166;
0,251;0,53399;0,0119754;0,200002;0,0425729;2,22068;7,98922e-05;265;
0,252;0,394618;0,0138508;0,200001;0,0425352;2,21674;8,01749e-05;265;
0,253;0,239532;0,0282271;0,2;0,042499;2,21295;8,04482e-05;166;
0,254;0,289742;0,0482407;0,2;0,04246;2,20889;8,07438e-05;166;
0,255;0,766435;0,0436359;0,200001;0,0424221;2,20496;8,10339e-05;166;
0,256;0,523388;0,014608;0,200001;0,0423859;2,20121;8,13114e-05;265;
0,257;0,238467;0,0203618;0,2;0,0423506;2,19752;8,15814e-05;166;
0,258;0,906284;0,0429988;0,200002;0,0423111;2,19345;8,18886e-05;166;
0,259;0,430785;0,0214761;0,200001;0,0422759;2,18979;8,21598e-05;166;
0,26;0,861677;0,0302872;0,200001;0,0422104;2,18301;8,26725e-05;265;
0,261;0,278815;0,048382;0,2;0,0422018;2,18211;8,27379e-05;166;
0,262;0,458847;0,0164512;0,200001;0,0421654;2,17835;8,3025e-05;265;
0,263;0,690265;0,0252281;0,200001;0,0421282;2,17452;8,33184e-05;166;
0,264;0,963856;0,0213345;0,200002;0,0420928;2,17087;8,36014e-05;166;
0,265;0,443988;0,0291114;0,2;0,0420583;2,16729;8,38735e-05;166;
0,266;0,914392;0,049751;0,917256;0,0499998;14,0479;0,00405077;265;
0,267;0,455899;0,0161516;0,2;0,0419419;2,15531;8,48081e-05;361;
0,268;0,804324;0,0383501;0,200001;0,0419483;2,15598;8,47574e-05;166;
0,269;0,205152;0,0415507;0,2;0,0419133;2,15238;8,50392e-05;166;
0,27;0,646341;0,0447607;0,200001;0,0418786;2,14883;8,53228e-05;166;
0,271;0,783772;0,0370459;0,200001;0,0418442;2,14529;8,56039e-05;166;
0,272;0,202154;0,0348757;0,2;0,0418089;2,14167;8,58921e-05;166;
0,273;0,624983;0,0152881;0,2;0,0417286;2,13345;8,6555e-05;363;
0,274;0,286943;0,0105193;0,2;0,0380071;1,76988;0,000125768;360;
0,275;0,280624;0,0191453;0,2;0,0417029;2,13082;8,67694e-05;166;
0,276;0,925375;0,0124628;0,200002;0,0416682;2,12731;8,70609e-05;265;
0,277;0,974885;0,0144932;0,200002;0,0416332;2,12372;8,73537e-05;265;
0,278;0,300934;0,0253659;0,2;0,0415987;2,12019;8,76417e-05;166;
0,279;0,212014;0,0422037;0,2;0,0415647;2,11672;8,79285e-05;166;
0,28;0,811388;0,0161615;0,200002;0,0415302;2,11323;8,82244e-05;265;
0,281;0,910156;0,0220748;0,200002;0,0414945;2,10959;8,85278e-05;166;
0,282;0,439489;0,028336;0,200001;0,04146;2,10607;8,88211e-05;166;
0,283;0,347789;0,0359702;0,2;0,0414268;2,10271;8,91055e-05;166;
0,284;0,618637;0,0158773;0,2;0,0413511;2,09503;8,97591e-05;363;
0,285;0,572639;0,0269357;0,200001;0,0413607;2,09601;8,96768e-05;166;
0,286;0,904083;0,0405676;0,200002;0,0413252;2,09242;8,99879e-05;166;
0,287;0,98545;0,023446;0,200002;0,041291;2,08896;9,02856e-05;166;
0,288;0,762804;0,0250672;0,200001;0,0412586;2,08567;9,05691e-05;166;
0,289;0,617687;0,0114605;0,200002;0,0412251;2,08229;9,08642e-05;265;
0,29;0,981309;0,0167386;0,200002;0,041192;2,07895;9,11574e-05;265;
0,291;0,991057;0,0449652;0,200003;0,0411577;2,0755;9,14621e-05;166;
0,292;0,601509;0,0215731;0,200001;0,041125;2,07218;9,17507e-05;166;
0,293;0,745336;0,0338752;0,200001;0,0410908;2,06874;9,20564e-05;166;
0,294;0,979104;0,0190137;0,200001;0,0410584;2,06547;9,23478e-05;166;
0,295;0,330246;0,0456691;0,2;0,0410251;2,06212;9,26474e-05;166;
0,296;0,885045;0,012183;0,200002;0,0409931;2,05892;9,29386e-05;265;
0,297;0,871747;0,03609;0,200002;0,0409599;2,05559;9,32413e-05;166;
0,298;0,808982;0,0495004;0,200001;0,0409285;2,05243;9,3525e-05;166;
0,299;0,784817;0,0266491;0,200002;0,0408959;2,04917;9,38262e-05;166;
0,3;0,85196;0,0264559;0,200002;0,0408633;2,04591;9,41261e-05;166;
0,301;0,617803;0,0171659;0,200001;0,0408302;2,04259;9,44301e-05;265;
0,302;0,756524;0,0143478;0,200002;0,0407982;2,03939;9,4727e-05;265;
0,303;0,744468;0,0237004;0,200002;0,0407668;2,03625;9,50198e-05;166;
0,304;0,321377;0,0123341;0,200001;0,0406263;2,02223;9,63394e-05;263;
0,305;0,57778;0,022083;0,2;0,040702;2,02977;9,56242e-05;166;
0,306;0,864332;0,0104119;0,200002;0,0406697;2,02656;9,59305e-05;265;
0,307;0,526906;0,0267055;0,200001;0,0406374;2,02334;9,62348e-05;166;
0,308;0,713962;0,0456641;0,2;0,040607;2,02031;9,6522e-05;166;
0,309;0,971284;0,0353866;0,200003;0,0405741;2,01706;9,68388e-05;166;
0,31;0,349973;0,0479631;0,2;0,0405425;2,01389;9,71375e-05;166;
0,311;0,580506;0,0310571;0,746456;0,0499997;11,4321;0,00218313;264;
0,312;0,958383;0,0499675;0,958778;0,05;14,6839;0,00462608;265;
0,313;0,473212;0,0214091;0,200001;0,0404488;2,00459;9,80421e-05;166;
0,314;0,552564;0,0294462;0,2;0,0404173;2,00147;9,83475e-05;166;
0,315;0,615216;0,0234374;0,200001;0,0403863;1,99841;9,86497e-05;166;
0,316;0,660086;0,0167537;0,200001;0,0403544;1,99526;9,89626e-05;265;
0,317;0,284625;0,0385365;0,2;0,0403223;1,99208;9,92766e-05;166;
0,318;0,493465;0,0220025;0,200001;0,0402931;1,9892;9,9566e-05;166;
0,319;0,925706;0,0133868;0,200003;0,0402615;1,9861;9,98812e-05;265;
0,32;0,955853;0,0226649;0,200002;0,0402317;1,98315;0,000100176;166;
0,321;0,95604;0,0118379;0,200003;0,0401999;1,98003;0,000100495;265;
0,322;0,58235;0,0218024;0,2;0,040169;1,97695;0,000100802;166;
0,323;0,267086;0,0399107;0,2;0,0401393;1,97404;0,000101099;166;
0,324;0,884453;0,0495037;0,200001;0,0401074;1,97091;0,000101423;166;
0,325;0,603004;0,0265919;0,2;0,0400766;1,96788;0,000101734;166;
0,326;0,436151;0,0273825;0,2;0,0400474;1,96501;0,000102032;166;
0,327;0,53551;0,0118668;0,200002;0,040017;1,96203;0,000102344;265;
0,328;0,554181;0,0264554;0,200001;0,0399861;1,959;0,00010266;166;
0,329;0,467299;0,0250256;0,2;0,0399556;1,95601;0,000102972;166;
0,33;0,519643;0,0292964;0,2;0,0399258;1,95309;0,00010328;166;
0,331;0,708896;0,0442567;0,200001;0,0398964;1,95022;0,000103585;166;
0,332;0,781147;0,0310234;0,2;0,0441702;2,39042;6,89461e-05;513;
0,333;0,429871;0,0434377;0,200001;0,0398367;1,94438;0,000104208;166;
0,334;0,448966;0,0110267;0,2;0,0391398;1,87694;0,000111829;364;
0,335;0,826813;0,0421971;0,200002;0,039777;1,93857;0,000104837;166;
0,336;0,298241;0,0117793;0,2;0,0378364;1,75402;0,000128053;364;
0,337;0,577089;0,0229799;0,200001;0,0397166;1,93269;0,000105475;166;
0,338;0,925985;0,0144089;0,200003;0,0396876;1,92988;0,000105786;265;
0,339;0,719669;0,0131805;0,200002;0,039658;1,927;0,0001061;263;
0,34;0,997618;0,0460141;0,200001;0,0396275;1,92402;0,000106425;166;
0,341;0,948896;0,0457106;0,200002;0,0396004;1,9214;0,00010672;166;
0,342;0,683423;0,0191603;0,200001;0,0395706;1,9185;0,00010704;166;
0,343;0,439769;0,0498758;0,200001;0,0431861;2,28509;7,54498e-05;266;
0,344;0,658044;0,0435353;0,200001;0,039511;1,91273;0,000107688;166;
0,345;0,534351;0,0499309;0,2;0,0475525;2,77053;5,13261e-05;265;
0,346;0,97047;0,0193047;0,200001;0,0394524;1,90706;0,000108329;166;
0,347;0,89437;0,0262692;0,200002;0,0394253;1,90445;0,000108627;166;
0,348;0,614595;0,0423669;0,200001;0,0393957;1,90158;0,000108952;166;
0,349;0,543328;0,0148299;0,200001;0,0393662;1,89873;0,00010928;263;
0,35;0,812056;0,0148501;0,200001;0,0393372;1,89594;0,000109602;265;
0,351;0,887563;0,0304772;0,2;0,0393065;1,89296;0,000109944;364;
0,352;0,267601;0,0478619;0,2;0,0392807;1,89049;0,000110233;166;
0,353;0,437239;0,024278;0,2;0,0392513;1,88766;0,000110564;166;
0,354;0,822203;0,0315671;0,2;0,0448287;2,46222;6,49834e-05;528;
0,355;0,994389;0,0166567;0,200002;0,0391945;1,88221;0,00011121;265;
0,356;0,219515;0,0174476;0,2;0,0391655;1,87941;0,000111536;265;
0,357;0,637826;0,0233415;0,200001;0,0391364;1,87663;0,000111869;166;
0,358;0,338794;0,0302353;0,2;0,0362319;1,60841;0,000152287;278;
0,359;0,754597;0,015315;0,200001;0,0390802;1,87125;0,000112515;263;
0,36;0,371475;0,0421091;0,2;0,0390517;1,86851;0,000112843;166;
0,361;0,83226;0,0101094;0,200001;0,0383978;1,80646;0,000120729;265;
0,362;0,90444;0,0376597;0,200001;0,0389966;1,86325;0,000113483;166;
0,363;0,387165;0,0224073;0,200001;0,038967;1,86042;0,000113826;166;
0,364;0,49022;0,0265084;0,200001;0,03894;1,85784;0,000114143;166;
0,365;0,948599;0,0491397;0,200001;0,0389116;1,85513;0,000114477;166;
0,366;0,469823;0,0133411;0,200001;0,0388836;1,85246;0,000114808;265;
0,367;0,399361;0,0170897;0,2;0,0388524;1,84948;0,000115175;363;
0,368;0,778914;0,0407281;0,200001;0,0388266;1,84704;0,000115483;166;
0,369;0,839292;0,0186637;0,200001;0,0387983;1,84434;0,00011582;265;
0,37;0,614207;0,0405872;0,200001;0,038772;1,84185;0,000116135;166;
0,371;0,63421;0,0143982;0,200001;0,0387444;1,83923;0,000116465;265;
0,372;0,928236;0,011704;0,200003;0,0387171;1,83666;0,000116798;265;
0,373;0,732885;0,0239824;0,200001;0,0386883;1,8339;0,000117144;166;
0,374;0,953952;0,0469821;0,200002;0,0386628;1,83149;0,000117454;166;
0,375;0,533363;0,0287187;0,2;0,0386338;1,82873;0,000117804;166;
0,376;0,805796;0,0467706;0,200001;0,0386074;1,82624;0,000118129;166;
0,377;0,870383;0,0439952;0,200001;0,0385801;1,82366;0,000118463;166;
0,378;0,821017;0,0370741;0,200002;0,0385522;1,82104;0,000118807;166;
0,379;0,900808;0,0395637;0,200002;0,0385253;1,81849;0,00011914;166;
0,38;0,872773;0,0307283;0,2;0,0384977;1,81587;0,000119478;364;
0,381;0,381476;0,0396758;0,2;0,0384712;1,81337;0,000119809;166;
0,382;0,438159;0,0375888;0,200001;0,0384417;1,8106;0,000120177;166;
0,383;0,937436;0,0295179;0,200001;0,0384165;1,80823;0,000120494;166;
0,384;0,521731;0,0358768;0,200001;0,0383889;1,80562;0,00012084;166;
0,385;0,314331;0,0174369;0,2;0,0383385;1,80088;0,000121475;363;
0,386;0,425994;0,0226949;0,200001;0,0383339;1,80045;0,000121535;166;
0,387;0,349642;0,0104819;0,2;0,0342482;1,43711;0,000190755;364;
0,388;0,933808;0,028005;0,200002;0,0382808;1,79548;0,000122212;166;
0,389;0,224304;0,0497286;0,2;0,0377102;1,74234;0,000129775;293;
0,39;0,516716;0,0465551;0,2;0,0382284;1,79055;0,000122882;166;
0,391;0,869302;0,0114919;0,200003;0,038201;1,788;0,000123239;265;
0,392;0,205919;0,0469254;0,2;0,0381759;1,78564;0,000123558;166;
0,393;0,339815;0,0426243;0,2;0,0381482;1,78305;0,000123917;166;
0,394;0,88456;0,04566;0,200001;0,0381221;1,78061;0,00012426;166;
0,395;0,607724;0,036097;0,200001;0,038095;1,77809;0,000124614;166;
0,396;0,430845;0,0483214;0,2;0,0380665;1,77543;0,000124985;166;
0,397;0,613423;0,0391457;0,200001;0,0380403;1,77298;0,000125331;166;
0,398;0,634603;0,0461979;0,200001;0,0380154;1,77066;0,000125661;166;
0,399;0,441163;0,0120243;0,200001;0,0379882;1,76814;0,000126021;265;
0,4;0,65883;0,0377462;0,200002;0,0379629;1,76578;0,000126358;166;
0,401;0,553331;0,0115928;0,200002;0,0379356;1,76324;0,000126722;265;
0,402;0,634098;0,0428363;0,2;0,0379086;1,76072;0,000127081;166;
0,403;0,92459;0,0455293;0,200001;0,037883;1,75835;0,000127427;166;
0,404;0,427307;0,0129252;0,200001;0,0378567;1,75591;0,000127781;263;
0,405;0,778194;0,045833;0,200001;0,0378315;1,75357;0,000128121;166;
0,406;0,859446;0,0127282;0,200002;0,0378043;1,75106;0,000128493;265;
0,407;0,367259;0,0221949;0,2;0,0377786;1,74866;0,000128839;166;
0,408;0,883839;0,0266896;0,200002;0,0377514;1,74617;0,000129214;166;
0,409;0,464872;0,019558;0,2;0,0377254;1,74374;0,000129568;166;
0,41;0,574516;0,044609;0,200001;0,0377009;1,74149;0,000129905;166;
0,411;0,628491;0,0290037;0,200001;0,0376737;1,73898;0,000130281;166;
0,412;0,613618;0,0247804;0,2;0,0376473;1,73653;0,000130646;166;
0,413;0,653843;0,0226237;0,200001;0,0376236;1,73435;0,000130976;166;
0,414;0,892261;0,0299425;0,200001;0,0375961;1,73182;0,000131359;166;
0,415;0,550544;0,0446535;0,2;0,0375701;1,72942;0,000131723;166;
0,416;0,853972;0,0440015;0,200002;0,0375451;1,72713;0,000132077;166;
0,417;0,579563;0,0294757;0,200001;0,0375187;1,7247;0,000132446;166;
0,418;0,460382;0,0445018;0,2;0,0374927;1,7223;0,000132815;166;
0,419;0,257293;0,0120758;0,2;0,0344142;1,45108;0,000187101;362;
0,42;0,483409;0,0138464;0,200001;0,0374422;1,71767;0,000133533;263;
0,421;0,807918;0,0204456;0,200001;0,0374157;1,71523;0,000133912;166;
0,422;0,979483;0,0484368;0,200002;0,0373915;1,71304;0,000134262;166;
0,423;0,646101;0,0135723;0,200001;0,0373656;1,71065;0,000134632;265;
0,424;0,834243;0,0407489;0,200001;0,0373408;1,70838;0,000134991;166;
0,425;0,640008;0,0471363;0,200001;0,037315;1,70602;0,000135363;166;
0,426;0,637606;0,0448101;0,200001;0,0372887;1,70361;0,000135745;166;
0,427;0,889157;0,0315517;0,2;0,04561;2,54879;6,06442e-05;638;
0,428;0,404685;0,0329998;0,2;0,0372379;1,69897;0,000136486;166;
0,429;0,519515;0,0488153;0,2;0,0372126;1,69667;0,000136858;166;
0,43;0,485856;0,0294141;0,200001;0,0371881;1,69443;0,00013722;166;
0,431;0,540645;0,0488766;0,2;0,0371629;1,69213;0,000137592;166;
0,432;0,46021;0,031749;0,2;0,0499986;3,06288;4,1995e-05;376;
0,433;0,388439;0,0167801;0,2;0,0371119;1,68749;0,00013835;265;
0,434;0,986619;0,0235104;0,200002;0,037087;1,68524;0,000138726;166;
0,435;0,810447;0,0380882;0,200002;0,0370617;1,68294;0,000139103;166;
0,436;0,78217;0,0419568;0,200001;0,0370365;1,68065;0,000139481;166;
0,437;0,868423;0,0400195;0,200002;0,0370126;1,67849;0,000139845;166;
0,438;0,955377;0,0426455;0,200001;0,036987;1,67616;0,00014023;166;
0,439;0,716631;0,0495506;0,200001;0,0369619;1,67388;0,000140611;166;
0,44;0,852831;0,0236955;0,200001;0,0369351;1,67146;0,000141019;166;
0,441;0,700053;0,01271;0,200002;0,0369116;1,66933;0,000141381;263;
0,442;0,754735;0,0433011;0,200001;0,0368851;1,66693;0,000141786;166;
0,443;0,735178;0,0327728;0,200001;0,0368613;1,66478;0,000142151;166;
0,444;0,572008;0,0384444;0,200001;0,0368369;1,66258;0,00014253;166;
0,445;0,79041;0,0153368;0,200001;0,0368117;1,66031;0,000142921;265;
0,446;0,29676;0,0140562;0,200001;0,0367869;1,65807;0,000143304;265;
0,447;0,993175;0,0258802;0,200002;0,036762;1,65584;0,000143696;166;
0,448;0,606988;0,0241405;0,200001;0,0367384;1,6537;0,000144063;166;
0,449;0,640395;0,0212248;0,200001;0,0367121;1,65133;0,000144477;166;
0,45;0,903965;0,034762;0,200002;0,0366873;1,64911;0,000144869;166;
0,451;0,761947;0,0285179;0,200001;0,0366647;1,64707;0,000145226;166;
0,452;0,432728;0,0398998;0,2;0,0366376;1,64464;0,000145654;166;
0,453;0,263626;0,0136951;0,2;0,0359033;1,57937;0,00015794;362;
0,454;0,964284;0,0333287;0,200002;0,0365881;1,64021;0,000146449;166;
0,455;0,363291;0,0385565;0,2;0,0365642;1,63805;0,000146827;166;
0,456;0,881218;0,0180549;0,200002;0,0365396;1,63586;0,000147226;265;
0,457;0,253135;0,0496026;0,2;0,036516;1,63373;0,000147604;166;
0,458;0,824999;0,0238635;0,200002;0,0364908;1,63149;0,000148014;166;
0,459;0,520293;0,0108235;0,2;0,03426;1,4381;0,000190492;364;
0,46;0,274616;0,0429409;0,2;0,0364413;1,62706;0,000148818;166;
0,461;0,414335;0,0233002;0,200001;0,0364179;1,62497;0,000149202;166;
0,462;0,759212;0,034694;0,200002;0,0363935;1,6228;0,000149604;166;
0,463;0,48062;0,0382148;0,2;0,0363684;1,62055;0,000150015;166;
0,464;0,22262;0,0409545;0,2;0,0363441;1,61839;0,000150416;166;
0,465;0,853633;0,0329553;0,200002;0,0363202;1,61628;0,000150815;166;
0,466;0,221361;0,0382419;0,2;0,0362971;1,6142;0,000151197;166;
0,467;0,234478;0,028954;0,2;0,0362708;1,61186;0,000151636;166;
0,468;0,468802;0,0169004;0,200001;0,0362472;1,60977;0,000152032;265;
0,469;0,760581;0,035795;0,200001;0,0362229;1,60762;0,00015244;166;
0,47;0,991973;0,0381341;0,200003;0,0361986;1,60547;0,000152855;166;
0,471;0,728357;0,0471459;0,200001;0,036175;1,60336;0,00015325;166;
0,472;0,446875;0,0314662;0,2;0,0392367;1,88625;0,000110728;374;
0,473;0,613223;0,0484295;0,200001;0,0361273;1,59915;0,00015406;166;
0,474;0,52957;0,0418026;0,200001;0,0361009;1,5968;0,000154512;166;
0,475;0,882317;0,0281223;0,200002;0,036079;1,59487;0,00015489;166;
0,476;0,691162;0,037153;0,200002;0,036055;1,59275;0,000155303;166;
0,477;0,921319;0,0246416;0,200001;0,0360302;1,59056;0,000155727;166;
0,478;0,524219;0,0420061;0,2;0,0360059;1,58841;0,000156147;166;
0,479;0,917319;0,0360026;0,200002;0,0359805;1,58618;0,000156593;166;
0,48;0,941382;0,013042;0,200002;0,0359579;1,58419;0,000156988;263;
0,481;0,949685;0,0279706;0,200001;0,0359346;1,58214;0,000157392;166;
0,482;0,577757;0,021895;0,200001;0,0359086;1,57985;0,000157849;166;
0,483;0,904921;0,0125921;0,200003;0,035886;1,57786;0,000158251;265;
0,484;0,314891;0,0175236;0,2;0,0358618;1,57572;0,000158673;265;
0,485;0,525092;0,0127331;0,200001;0,0358378;1,57362;0,0001591;265;
0,486;0,329283;0,0133163;0,2;0,0358139;1,57152;0,000159523;265;
0,487;0,344067;0,0437636;0,2;0,0357904;1,56946;0,000159942;166;
0,488;0,377383;0,0223628;0,200001;0,0357659;1,56731;0,000160382;166;
0,489;0,623668;0,0285485;0,200001;0,0357431;1,56531;0,000160792;166;
0,49;0,870577;0,045885;0,200001;0,0357192;1,56322;0,000161223;166;
0,491;0,562526;0,0192758;0,2;0,0356959;1,56118;0,000161643;166;
0,492;0,344822;0,0259972;0,2;0,03567;1,55891;0,000162113;166;
0,493;0,397979;0,0447336;0,200001;0,0356477;1,55697;0,00016252;166;
0,494;0,612975;0,0421735;0,200001;0,0356235;1,55486;0,000162964;166;
0,495;0,347219;0,0123037;0,2;0,0342394;1,43637;0,000190953;364;
0,496;0,286495;0,0408647;0,2;0,035576;1,5507;0,000163834;166;
0,497;0,916091;0,0170462;0,2;0,035521;1,54591;0,00016485;363;
0,498;0,575893;0,0290343;0,200001;0,0355293;1,54664;0,000164698;166;
0,499;0,4095;0,0325629;0,2;0,0355046;1,54449;0,000165155;166;
0,5;0,541097;0,0180185;0,200001;0,0354809;1,54243;0,000165597;265;
0,501;0,775328;0,0320746;0,2;0,0382241;1,79014;0,000122937;524;
0,502;0,441862;0,0497685;0,2;0,0328009;1,31821;0,000226719;278;
0,503;0,824342;0,0371007;0,200001;0,0354114;1,53639;0,000166903;166;
0,504;0,877417;0,0383788;0,200001;0,0353866;1,53425;0,000167371;166;
0,505;0,370272;0,0251721;0,200001;0,0353635;1,53224;0,000167807;166;
0,506;0,554498;0,0240862;0,200001;0,0353408;1,53028;0,00016824;166;
0,507;0,29719;0,0323327;0,2;0,0353158;1,5281;0,000168715;166;
0,508;0,696726;0,0289835;0,200001;0,0352929;1,52613;0,000169154;166;
0,509;0,461571;0,0125217;0,200001;0,035269;1,52406;0,000169614;265;
0,51;0,374647;0,0233423;0,2;0,035246;1,52207;0,000170056;166;
0,511;0,860223;0,0185169;0,200002;0,0352208;1,51991;0,000170546;263;
0,512;0,488108;0,0322112;0,200001;0,0351988;1,518;0,000170971;166;
0,513;0,758502;0,0278373;0,200002;0,0351761;1,51605;0,000171415;166;
0,514;0,577565;0,0315244;0,2;0,0499961;3,06257;4,20035e-05;378;
0,515;0,551978;0,0463297;0,200001;0,0351283;1,51192;0,000172348;166;
0,516;0,269126;0,0272092;0,2;0,0351055;1,50996;0,000172795;166;
0,517;0,838115;0,0217314;0,200001;0,0350823;1,50797;0,000173254;166;
0,518;0,86955;0,0486168;0,200002;0,0350577;1,50587;0,000173743;166;
0,519;0,221783;0,0112058;0,2;0,0266208;0,868271;0,000522573;364;
0,52;0,931417;0,0468685;0,200001;0,0350106;1,50181;0,000174677;166;
0,521;0,426167;0,0204591;0,2;0,034987;1,49978;0,000175148;166;
0,522;0,714314;0,0100072;0,2;0,0308166;1,16355;0,000290997;263;
0,523;0,286821;0,029557;0,2;0,0349411;1,49585;0,00017607;166;
0,524;0,643412;0,0289614;0,200001;0,0349173;1,49382;0,000176553;166;
0,525;0,460402;0,0113743;0,2;0,0325814;1,30063;0,000232888;362;
0,526;0,811883;0,0385449;0,200001;0,0348723;1,48997;0,000177463;166;
0,527;0,537445;0,0190004;0,2;0,0348486;1,48794;0,000177946;166;
0,528;0,79345;0,044496;0,200001;0,0348233;1,48579;0,000178466;166;
0,529;0,232366;0,0155684;0,2;0,034801;1,48388;0,000178922;265;
0,53;0,853324;0,0491458;0,200001;0,0347787;1,48198;0,000179384;166;
0,531;0,83411;0,010284;0,2;0,031745;1,23471;0,000258421;265;
0,532;0,887336;0,0107733;0,2;0,0332846;1,35738;0,000213825;265;
0,533;0,947291;0,0398411;0,200001;0,0347086;1,47601;0,000180838;166;
0,534;0,54508;0,0368815;0,2;0,0346843;1,47395;0,000181341;166;
0,535;0,628315;0,0113351;0,2;0,033553;1,37936;0,000207063;265;
0,536;0,946722;0,0122953;0,200003;0,0346385;1,47007;0,000182309;265;
0,537;0,766391;0,0233994;0,200002;0,0346155;1,46811;0,000182791;166;
0,538;0,350345;0,0313928;0,2;0,0322147;1,27152;0,000243676;277;
0,539;0,836152;0,0226516;0,200002;0,0345691;1,46418;0,000183777;166;
0,54;0,255134;0,0198711;0,2;0,0345467;1,46227;0,000184248;166;
0,541;0,44005;0,0276399;0,2;0,0345213;1,46013;0,000184791;166;
0,542;0,465246;0,0410812;0,200001;0,0344999;1,45832;0,000185251;166;
0,543;0,286044;0,0437337;0,2;0,0344767;1,45635;0,000185749;166;
0,544;0,648635;0,0332398;0,200001;0,0344535;1,4544;0,000186252;166;
0,545;0,285484;0,049798;0,2;0,0331201;1,34399;0,000218104;285;
0,546;0,502511;0,0176192;0,2;0,0343766;1,44791;0,000187921;363;
0,547;0,575202;0,0306351;0,2;0,0499999;3,06304;4,19907e-05;376;
0,548;0,97855;0,0447244;0,200002;0,0343595;1,44648;0,000188301;166;
0,549;0,914713;0,0330245;0,200002;0,0343365;1,44454;0,000188806;166;
0,55;0,772416;0,0238775;0,200001;0,034315;1,44273;0,000189278;166;
0,551;0,216166;0,0153135;0,2;0,0333715;1,36448;0,000211604;364;
0,552;0,933299;0,0277074;0,200002;0,0342676;1,43875;0,000190329;166;
0,553;0,377511;0,0161983;0,2;0,0342448;1,43683;0,000190833;265;
0,554;0,625683;0,0214686;0,200001;0,0342224;1,43495;0,000191334;166;
0,555;0,703537;0,0199972;0,200001;0,0341981;1,43292;0,000191878;166;
0,556;0,775124;0,0130445;0,200001;0,0341755;1,43103;0,000192388;265;
0,557;0,788225;0,041268;0,200002;0,0341534;1,42918;0,000192888;166;
0,558;0,785848;0,0327889;0,200001;0,0341303;1,42724;0,000193407;166;
0,559;0,59765;0,0456536;0,200001;0,0341062;1,42523;0,000193956;166;
0,56;0,727165;0,0149817;0,200001;0,0340832;1,4233;0,000194478;265;
0,561;0,727638;0,0495007;0,200001;0,034061;1,42145;0,000194985;166;
0,562;0,903799;0,0111006;0,2;0,0330612;1,33922;0,000219663;265;
0,563;0,729015;0,0439486;0,200001;0,0340143;1,41755;0,000196061;166;
0,564;0,280954;0,0394018;0,2;0,0339912;1,41563;0,00019659;166;
0,565;0,557844;0,0268501;0,2;0,0339676;1,41366;0,00019714;166;
0,566;0,436085;0,0334695;0,2;0,033945;1,41178;0,000197663;166;
0,567;0,355344;0,048238;0,2;0,0339212;1,4098;0,000198219;166;
0,568;0,346463;0,0130224;0,2;0,0332433;1,35401;0,000214888;364;
0,569;0,288725;0,0452768;0,2;0,0338763;1,40607;0,000199272;166;
0,57;0,270057;0,0413209;0,2;0,0338524;1,40409;0,000199836;166;
0,571;0,302505;0,0140165;0,2;0,0338299;1,40222;0,000200368;265;
0,572;0,518427;0,0286218;0,200001;0,0338066;1,40029;0,000200921;166;
0,573;0,295634;0,0490711;0,2;0,033783;1,39834;0,000201482;166;
0,574;0,682679;0,0329928;0,200002;0,0337623;1,39663;0,000201982;166;
0,575;0,957734;0,0366721;0,200001;0,0337367;1,39451;0,000202592;166;
0,576;0,695652;0,0461559;0,200001;0,0337142;1,39265;0,000203134;166;
0,577;0,458706;0,0132051;0,200001;0,033692;1,39082;0,000203673;265;
0,578;0,23549;0,0129088;0,2;0,0299774;1,10104;0,000324979;364;
0,579;0,561319;0,036257;0,200001;0,0336467;1,38708;0,000204768;166;
0,58;0,64553;0,0336307;0,200001;0,0336233;1,38515;0,000205339;166;
0,581;0,660776;0,0490195;0,2;0,0335993;1,38317;0,000205927;166;
0,582;0,587698;0,034373;0,2;0,0335769;1,38133;0,000206475;166;
0,583;0,668502;0,011858;0,2;0,0333215;1,36039;0,000212877;265;
0,584;0,826014;0,0458443;0,200002;0,0335302;1,3775;0,000207634;166;
0,585;0,992127;0,0405437;0,200001;0,0335079;1,37566;0,000208182;166;
0,586;0,963558;0,0275618;0,200002;0,0334847;1,37377;0,000208763;166;
0,587;0,93784;0,0122681;0,200002;0,0334618;1,37188;0,000209335;265;
0,588;0,679738;0,0148865;0,200001;0,0334388;1,36999;0,000209911;265;
0,589;0,323639;0,0374777;0,2;0,0334159;1,36811;0,000210483;166;
0,59;0,399194;0,0124067;0,2;0,0319863;1,25355;0,00025071;364;
0,591;0,701478;0,0171181;0,200002;0,0333701;1,36437;0,000211646;265;
0,592;0,272753;0,0325108;0,2;0,0333472;1,36249;0,000212222;166;
0,593;0,365;0,034485;0,2;0,0333234;1,36055;0,00021283;166;
0,594;0,321102;0,0266036;0,2;0,0333007;1,3587;0,00021341;166;
0,595;0,48492;0,0260029;0,2;0,0332765;1,35672;0,000214033;166;
0,596;0,908815;0,0437567;0,200001;0,0332551;1,35498;0,000214589;166;
0,597;0,991837;0,0379811;0,200001;0,0332316;1,35307;0,000215193;166;
0,598;0,608581;0,031798;0,2;0,0456116;2,54897;6,06356e-05;372;
0,599;0,385408;0,0355926;0,200001;0,0331861;1,34936;0,000216376;166;
0,6;0,707063;0,044923;0,2;0,0331616;1,34737;0,000217016;166;
0,601;0,721884;0,0277121;0,200001;0,0331402;1,34563;0,000217576;166;
0,602;0,369315;0,0251791;0,2;0,0331166;1,34372;0,000218195;166;
0,603;0,588653;0,0296192;0,2;0,0330925;1,34176;0,000218832;166;
0,604;0,2073;0,0215578;0,2;0,0330688;1,33984;0,000219459;166;
0,605;0,679887;0,0477041;0,200001;0,0330487;1,33821;0,000219997;166;
0,606;0,875025;0,0278917;0,200002;0,0330242;1,33624;0,000220655;166;
0,607;0,89747;0,0365896;0,200002;0,0330006;1,33433;0,000221288;166;
0,608;0,290295;0,021284;0,2;0,0329787;1,33255;0,000221868;166;
0,609;0,445952;0,0425846;0,2;0,032955;1,33063;0,000222508;166;
0,61;0,584324;0,0317186;0,2;0,037499;1,72288;0,000132724;371;
0,611;0,943189;0,0172453;0,200001;0,0329088;1,32691;0,000223764;265;
0,612;0,306825;0,0405375;0,2;0,0328865;1,32511;0,000224366;166;
0,613;0,703691;0,0234677;0,200001;0,032864;1,3233;0,000224984;166;
0,614;0,300718;0,0208679;0,2;0,0328406;1,32141;0,000225624;166;
0,615;0,20832;0,0474601;0,2;0,0328163;1,31945;0,000226294;166;
0,616;0,331431;0,0373508;0,2;0,0327931;1,31759;0,000226934;166;
0,617;0,917553;0,0205682;0,200002;0,0327694;1,3157;0,000227599;166;
0,618;0,651023;0,0269477;0,200001;0,0327476;1,31394;0,000228202;166;
0,619;0,703108;0,0288895;0,200001;0,0327237;1,31202;0,000228867;166;
0,62;0,801791;0,0173319;0,200002;0,0327009;1,3102;0,000229508;265;
0,621;0,52048;0,0287168;0,2;0,0326787;1,30841;0,000230129;166;
0,622;0,783819;0,0445825;0,200001;0,0326548;1,3065;0,000230807;166;
0,623;0,57283;0,029596;0,200001;0,0326324;1,30471;0,000231442;166;
0,624;0,388891;0,0380959;0,2;0,0326081;1,30277;0,000232127;166;
0,625;0,570954;0,0203962;0,200001;0,0325854;1,30096;0,000232779;166;
0,626;0,28981;0,0469049;0,2;0,0325611;1,29901;0,000233472;166;
0,627;0,534308;0,0471224;0,2;0,0325385;1,29721;0,000234122;166;
0,628;0,914847;0,0203021;0,200002;0,0325152;1,29536;0,000234799;166;
0,629;0,370734;0,0460662;0,200001;0,0324921;1,29352;0,000235461;166;
0,63;0,984388;0,0335755;0,200001;0,0324701;1,29177;0,000236103;166;
0,631;0,955076;0,0445051;0,200002;0,0324452;1,2898;0,000236833;166;
0,632;0,475661;0,0201227;0,2;0,0324222;1,28795;0,0002375;166;
0,633;0,357381;0,0386571;0,200001;0,0323999;1,28618;0,000238154;166;
0,634;0,71135;0,0425552;0,200001;0,0323757;1,28427;0,000238868;166;
0,635;0,300659;0,0288838;0,2;0,0323526;1,28243;0,000239547;166;
0,636;0,97967;0,0384712;0,200002;0,0323297;1,28063;0,000240233;166;
0,637;0,948698;0,0306815;0,200001;0,0322859;1,27715;0,000241538;265;
0,638;0,234737;0,0338093;0,2;0,0322834;1,27695;0,000241607;166;
0,639;0,936749;0,0402653;0,200002;0,0322609;1,27518;0,000242288;166;
0,64;0,883633;0,0293888;0,200002;0,0322368;1,27328;0,000243014;166;
0,641;0,601706;0,015692;0,200001;0,0322134;1,27142;0,00024372;265;
0,642;0,341172;0,0219259;0,2;0,0321899;1,26956;0,000244428;166;
0,643;0,705158;0,0274029;0,200001;0,0321671;1,26777;0,000245122;166;
0,644;0,718423;0,0437056;0,200001;0,0321434;1,2659;0,000245847;166;
0,645;0,451636;0,0187268;0,2;0,0320946;1,26205;0,000247345;364;
0,646;0,913098;0,0455868;0,200001;0,0320975;1,26229;0,000247257;166;
0,647;0,890028;0,0318238;0,2;0,0456043;2,54816;6,06744e-05;638;
0,648;0,74821;0,0483848;0,200001;0,0320274;1,25678;0,000249428;265;
0,649;0,816795;0,0344877;0,200002;0,0320026;1,25485;0,000250207;265;
0,65;0,68439;0,0277391;0,200002;0,0319787;1,25296;0,000250957;265;
0,651;0,980967;0,0265468;0,200003;0,0319553;1,25114;0,000251696;265;
0,652;0,240198;0,0173923;0,2;0,031956;1,25118;0,000251663;265;
0,653;0,640313;0,0409975;0,200002;0,0319097;1,24757;0,000253132;265;
0,654;0,530761;0,0219085;0,2;0,0319092;1,24752;0,000253141;364;
0,655;0,784418;0,0470476;0,200002;0,0318631;1,24393;0,000254616;265;
0,656;0,985095;0,0122352;0,200002;0,031862;1,24384;0,000254653;265;
0,657;0,719898;0,0494817;0,2;0,0318337;1,24162;0,000255553;364;
0,658;0,627237;0,0114539;0,2;0,0291954;1,04434;0,000361219;265;
0,659;0,511388;0,025987;0,200001;0,0317668;1,23641;0,000257714;265;
0,66;0,974739;0,0131771;0,200002;0,031768;1,23651;0,000257681;265;
0,661;0,407904;0,0493479;0,2;0,0317441;1,23464;0,00025845;364;
0,662;0,394034;0,0390331;0,2;0,0317207;1,23282;0,000259213;364;
0,663;0,275449;0,0473943;0,2;0,0316866;1,23018;0,00026033;265;
0,664;0,987717;0,04562;0,200003;0,0316505;1,22739;0,000261531;265;
0,665;0,525884;0,0420139;0,2;0,0316445;1,2269;0,00026172;364;
0,666;0,490497;0,02994;0,2;0,031626;1,22547;0,000262331;364;
0,667;0,609171;0,0202596;0,200001;0,0315777;1,22174;0,000263943;265;
0,668;0,450292;0,0263438;0,2;0,0315783;1,22178;0,00026392;364;
0,669;0,381012;0,0104522;0,2;0,0246062;0,741832;0,000715894;263;
0,67;0,99785;0,0333994;0,200002;0,0315075;1,21632;0,00026631;265;
0,671;0,712668;0,0292144;0,200001;0,0314834;1,21445;0,000267121;265;
0,672;0,23082;0,0344383;0,2;0,0314769;1,21394;0,000267338;265;
0,673;0,206326;0,0108549;0,2;0,0211952;0,550412;0,00130042;261;
0,674;0,456334;0,0207309;0,2;0,0314113;1,20889;0,000269579;265;
0,675;0,83879;0,0104474;0,2;0,0268007;0,880052;0,000508677;265;
0,676;0,799695;0,0424332;0,2;0,0313847;1,20684;0,000270494;364;
0,677;0,928274;0,0308051;0,2;0,0313679;1,20555;0,000271074;364;
0,678;0,277493;0,0175214;0,2;0,0313402;1,20342;0,000272034;265;
0,679;0,667229;0,0399504;0,2;0,0313201;1,20188;0,000272733;364;
0,68;0,458808;0,0456199;0,2;0,0312722;1,19821;0,000274407;265;
0,681;0,83927;0,0449958;0,200002;0,0312462;1,19623;0,000275332;265;
0,682;0,619751;0,0249922;0,200001;0,0312205;1,19425;0,000276231;265;
0,683;0,969812;0,0432105;0,200001;0,0311977;1,19251;0,00027704;265;
0,684;0,838837;0,0246981;0,200001;0,0311726;1,19059;0,000277934;265;
0,685;0,503991;0,0173641;0,200001;0,0311721;1,19056;0,000277952;263;
0,686;0,856426;0,0462171;0,200001;0,0311261;1,18705;0,000279598;265;
0,687;0,643943;0,0362386;0,2;0,0311241;1,18688;0,000279667;364;
0,688;0,60849;0,0314563;0,2;0,0355549;1,54886;0,000164222;372;
0,689;0,405826;0,0177768;0,2;0,0310756;1,18319;0,000281418;265;
0,69;0,598499;0,016248;0,200002;0,0310517;1,18138;0,00028229;265;
0,691;0,687539;0,0201542;0,200001;0,0310035;1,17771;0,000284048;265;
0,692;0,964066;0,0255203;0,200002;0,0309799;1,17592;0,000284918;265;
0,693;0,502755;0,0408901;0,200001;0,0309575;1,17422;0,000285739;265;
0,694;0,738773;0,0124289;0,2;0,0305522;1,14367;0,000301201;263;
0,695;0,210139;0,0363329;0,2;0,0309274;1,17193;0,000286852;265;
0,696;0,957841;0,0328535;0,200003;0,0308831;1,16859;0,00028851;265;
0,697;0,411999;0,0345687;0,2;0,0308816;1,16846;0,000288556;364;
0,698;0,830217;0,0178898;0,200002;0,0308577;1,16666;0,000289459;265;
0,699;0,936427;0,0424767;0,200002;0,0308106;1,1631;0,000291233;265;
0,7;0,232851;0,0417071;0,2;0,0308025;1,16248;0,000291533;265;
0,701;0,808525;0,03817;0,200002;0,0307616;1,15941;0,00029309;265;
0,702;0,733399;0,0482723;0,200001;0,0307382;1,15764;0,000293983;265;
0,703;0,55253;0,0158213;0,200001;0,0307348;1,15738;0,000294112;265;
0,704;0,371851;0,0190702;0,2;0,0306871;1,15379;0,000295942;265;
0,705;0,650152;0,0494782;0,2;0,0306771;1,15304;0,000296327;364;
0,706;0,837486;0,0414534;0,200002;0,0306392;1,1502;0,000297806;265;
0,707;0,319331;0,0474383;0,2;0,0306366;1,14999;0,000297898;364;
0,708;0,597945;0,0144898;0,200001;0,0306118;1,14813;0,000298869;265;
0,709;0,434285;0,02873;0,2;0,0305871;1,14628;0,000299829;364;
0,71;0,663104;0,0222212;0,200001;0,0305391;1,1427;0,000301725;265;
0,711;0,844292;0,0362097;0,200002;0,0305154;1,14092;0,000302666;265;
0,712;0,66165;0,0310772;0,2;0,0355594;1,54926;0,000164139;372;
0,713;0,661883;0,0475893;0,200001;0,0304675;1,13734;0,000304569;265;
0,714;0,308157;0,0314108;0,2;0,029465;1,06372;0,000348179;265;
0,715;0,976125;0,0239245;0,200002;0,0304154;1,13346;0,000306664;265;
0,716;0,623093;0,0215654;0,2;0,030401;1,13237;0,00030724;364;
0,717;0,875548;0,0283371;0,200001;0,0303658;1,12976;0,000308668;265;
0,718;0,491561;0,020252;0,2;0,0303504;1,12861;0,000309292;364;
0,719;0,635785;0,0230453;0,200001;0,0303156;1,12603;0,000310724;265;
0,72;0,660451;0,0341515;0,200001;0,0302915;1,12423;0,000311711;265;
0,721;0,658944;0,0353404;0,2;0,0302858;1,12381;0,000311941;364;
0,722;0,363172;0,0102354;0,2;0,0222912;0,608812;0,0010629;265;
0,723;0,290205;0,043185;0,2;0,0302249;1,1193;0,000314461;265;
0,724;0,765151;0,0491968;0,200001;0,0301923;1,11688;0,000315828;265;
0,725;0,57429;0,0278872;0,2;0,0301877;1,11654;0,000316016;364;
0,726;0,407469;0,042025;0,200001;0,0301434;1,11327;0,00031788;265;
0,727;0,863787;0,0299944;0,2;0,0301371;1,1128;0,000318143;364;
0,728;0,648998;0,0471498;0,200001;0,0300916;1,10945;0,000320074;265;
0,729;0,892774;0,0467787;0,200002;0,0300656;1,10754;0,000321193;265;
0,73;0,20144;0,011065;0,2;0,020001;0,490137;0,00163993;265;
0,731;0,607948;0,0313576;0,2;0,027598;0,93319;0,000452397;273;
0,732;0,237556;0,0373098;0,2;0,0299999;1,10269;0,000324005;265;
0,733;0,296925;0,041476;0,2;0,0299835;1,10149;0,000324714;166;
0,734;0,474227;0,0284724;0,2;0,0299579;1,09961;0,000325826;166;
0,735;0,576896;0,0430387;0,200001;0,029933;1,09778;0,000326911;166;
0,736;0,343506;0,0204107;0,2;0,0299081;1,09596;0,000328;166;
0,737;0,621669;0,0377384;0,200001;0,0298827;1,0941;0,000329122;166;
0,738;0,623937;0,0353603;0,2;0,029856;1,09214;0,000330295;166;
0,739;0,354713;0,0425298;0,2;0,0298308;1,09029;0,000331416;166;
0,74;0,808924;0,0221295;0,2;0,0298043;1,08836;0,000332596;166;
0,741;0,249554;0,0228403;0,2;0,0297798;1,08657;0,000333687;166;
0,742;0,320413;0,0318021;0,200001;0,0287908;1,0156;0,000381959;265;
0,743;0,300547;0,0352385;0,2;0,0297268;1,08271;0,000336076;166;
0,744;0,958908;0,0317667;0,2;0,0297096;1,08146;0,000336852;364;
0,745;0,619571;0,0339452;0,200001;0,0296758;1,079;0,000338398;166;
0,746;0,750745;0,0158807;0,200001;0,0296492;1,07707;0,000339616;265;
0,747;0,652318;0,0460303;0,200001;0,0296221;1,0751;0,000340852;166;
0,748;0,661966;0,0370985;0,200001;0,0295963;1,07323;0,000342044;166;
0,749;0,425687;0,0409833;0,2;0,0295709;1,07138;0,000343219;166;
0,75;0,806642;0,0364372;0,200001;0,0295456;1,06955;0,000344399;166;
0,751;0,996848;0,0280533;0,200003;0,0295195;1,06768;0,000345628;166;
0,752;0,406298;0,0485572;0,200001;0,0294912;1,06561;0,000346948;166;
0,753;0,898263;0,0411018;0,200002;0,0294653;1,06375;0,000348176;166;
0,754;0,984492;0,0445188;0,200002;0,0294402;1,06194;0,000349367;166;
0,755;0,930247;0,0431766;0,200003;0,0294127;1,05996;0,000350675;166;
0,756;0,211026;0,046035;0,2;0,0293866;1,05807;0,000351909;166;
0,757;0,783034;0,0257324;0,200001;0,0293601;1,05616;0,000353188;166;
0,758;0,986827;0,0439999;0,200001;0,0293326;1,05419;0,000354514;166;
0,759;0,466036;0,0104297;0,2;0,0222941;0,608969;0,00106236;265;
0,76;0,855997;0,0471947;0,200001;0,0292798;1,05039;0,000357075;166;
0,761;0,991703;0,0282959;0,200001;0,0292526;1,04844;0,000358407;166;
0,762;0,530783;0,0277089;0,200001;0,0292257;1,04652;0,000359726;166;
0,763;0,293769;0,0484871;0,2;0,0291991;1,04461;0,000361035;166;
0,764;0,468147;0,042881;0,200001;0,0291722;1,04269;0,000362374;166;
0,765;0,345297;0,0202331;0,2;0,0291464;1,04084;0,000363657;166;
0,766;0,978679;0,0458478;0,200001;0,0291173;1,03877;0,000365115;166;
0,767;0,754375;0,0301192;0,2;0,0420612;2,16759;8,38498e-05;517;
0,768;0,818563;0,0390918;0,200002;0,029064;1,03497;0,000367809;166;
0,769;0,746607;0,0330216;0,200001;0,0290359;1,03297;0,00036923;166;
0,77;0,943019;0,0146917;0,200002;0,0290093;1,03108;0,000370592;265;
0,771;0,835819;0,0251612;0,200001;0,0289807;1,02905;0,00037205;166;
0,772;0,549405;0,0330156;0,200001;0,0289555;1,02725;0,000373344;166;
0,773;0,856835;0,0449236;0,200002;0,0289269;1,02523;0,00037483;166;
0,774;0,970003;0,0320564;0,2;0,0288996;1,02329;0,000376237;364;
0,775;0,789669;0,0206698;0,200002;0,0288716;1,02132;0,000377711;166;
0,776;0,920757;0,0361418;0,200002;0,0288445;1,0194;0,000379135;166;
0,777;0,761257;0,0182667;0,200001;0,0288163;1,0174;0,000380614;265;
0,778;0,289658;0,0120638;0,2;0,0229345;0,644454;0,000948585;263;
0,779;0,815191;0,0207922;0,200002;0,0287608;1,01349;0,000383564;166;
0,78;0,226889;0,0286421;0,2;0,0287329;1,01152;0,000385043;166;
0,781;0,601124;0,035641;0,200001;0,0287063;1,00965;0,000386481;166;
0,782;0,409838;0,0309044;0,2;0,0302411;1,12049;0,000313789;377;
0,783;0,703165;0,0340199;0,200001;0,0286497;1,00567;0,000389544;166;
0,784;0,294111;0,0232586;0,2;0,0286215;1,00369;0,000391074;166;
0,785;0,900478;0,0336478;0,200001;0,0285924;1,00166;0,000392675;166;
0,786;0,267866;0,0380168;0,2;0,028565;0,999734;0,000394176;166;
0,787;0,560238;0,0217794;0,200001;0,0285359;0,9977;0,000395789;166;
0,788;0,739084;0,0196731;0,200002;0,0285093;0,995843;0,000397278;166;
0,789;0,235417;0,016251;0,2;0,0284596;0,992366;0,000400051;265;
0,79;0,492239;0,0254751;0,2;0,0284508;0,991752;0,000400547;166;
0,791;0,35452;0,0113093;0,2;0,0219806;0,591964;0,00112427;265;
0,792;0,373931;0,0428712;0,2;0,0283937;0,987777;0,000403778;166;
0,793;0,610599;0,0160444;0,200001;0,028365;0,985787;0,00040542;265;
0,794;0,723655;0,0442331;0,200001;0,0283372;0,983855;0,000407011;166;
0,795;0,841247;0,0260564;0,200001;0,0283086;0,981865;0,00040866;166;
0,796;0,57304;0,035941;0,2;0,0282782;0,979756;0,000410416;166;
0,797;0,408852;0,0317541;0,2;0,0297141;1,08178;0,000336652;377;
0,798;0,381646;0,040296;0,2;0,0282195;0,975696;0,000413839;166;
0,799;0,92052;0,0131796;0,2;0,0277504;0,943521;0,000442542;265;
0,8;0,592811;0,0398839;0,200001;0,0281611;0,971661;0,000417289;166;
0,801;0,7091;0,0436824;0,200001;0,0281327;0,969703;0,000418976;166;
0,802;0,999864;0,028907;0,200002;0,0281018;0,967576;0,000420829;166;
0,803;0,693256;0,0111374;0,2;0,022885;0,641678;0,000956806;265;
0,804;0,31474;0,0108352;0,2;0,0201772;0,498814;0,00158337;263;
0,805;0,313931;0,0290805;0,2;0,0280137;0,961512;0,000426138;166;
0,806;0,394504;0,0157185;0,2;0,0279839;0,959471;0,000427956;265;
0,807;0,367572;0,0212409;0,2;0,0279543;0,957443;0,00042977;166;
0,808;0,323537;0,010854;0,2;0,020171;0,498508;0,00158532;261;
0,809;0,269901;0,0390021;0,2;0,0278945;0,953351;0,000433464;166;
0,81;0,206576;0,0423573;0,2;0,0278644;0,951293;0,00043534;166;
0,811;0,468214;0,0168532;0,200001;0,0278338;0,94921;0,000437264;265;
0,812;0,686931;0,0382795;0,2;0,0278045;0,947207;0,000439109;166;
0,813;0,205725;0,0169944;0,2;0,0271209;0,901202;0,00048508;362;
0,814;0,356068;0,0197962;0,2;0,0277428;0,943005;0,000443029;166;
0,815;0,426677;0,0460816;0,2;0,0277122;0,940932;0,000444984;166;
0,816;0,275211;0,0174228;0,2;0,0276812;0,938825;0,000446981;263;
0,817;0,831864;0,0490769;0,200001;0,0276503;0,936735;0,00044899;166;
0,818;0,643262;0,0157442;0,200001;0,0276195;0,93465;0,000450993;265;
0,819;0,771454;0,0419782;0,200001;0,027589;0,932581;0,000452994;166;
0,82;0,501689;0,0149489;0,200001;0,0275575;0,930458;0,000455064;265;
0,821;0,569857;0,0367401;0,200001;0,0275264;0,928358;0,000457123;166;
0,822;0,993094;0,0273653;0,200001;0,0274947;0,92622;0,000459238;166;
0,823;0,360561;0,0167225;0,200001;0,0274638;0,92414;0,000461306;265;
0,824;0,479807;0,0487554;0,200001;0,0274315;0,921966;0,000463483;166;
0,825;0,557995;0,0207738;0,200001;0,027401;0,91992;0,000465555;166;
0,826;0,999256;0,0254887;0,200002;0,0273681;0,917718;0,000467802;166;
0,827;0,68335;0,0105022;0,2;0,0205312;0,516469;0,00147697;265;
0,828;0,831639;0,035599;0,200002;0,0273063;0,913578;0,000472049;166;
0,829;0,829486;0,0198295;0,200001;0,0272738;0,911401;0,0004743;166;
0,83;0,58651;0,0367827;0,200001;0,0272422;0,909288;0,000476506;166;
0,831;0,981489;0,0309317;0,200002;0,0271923;0,90596;0,000480017;265;
0,832;0,98181;0,0242605;0,200002;0,0271765;0,904913;0,000481133;166;
0,833;0,310053;0,0153754;0,2;0,0271442;0,902752;0,000483421;265;
0,834;0,243077;0,0410411;0,2;0,0271108;0,900534;0,000485801;166;
0,835;0,425903;0,0188318;0,200001;0,027078;0,898355;0,000488168;263;
0,836;0,913172;0,0491484;0,200001;0,0270459;0,896235;0,000490489;166;
0,837;0,829572;0,0253784;0,200001;0,0270126;0,894026;0,000492913;166;
0,838;0,72885;0,02617;0,200001;0,0269798;0,891856;0,000495314;166;
0,839;0,935642;0,0381669;0,200001;0,0269463;0,889637;0,000497782;166;
0,84;0,299771;0,0398718;0,2;0,0269131;0,887446;0,000500236;166;
0,841;0,432854;0,0402063;0,2;0,0268803;0,885285;0,000502685;166;
0,842;0,720503;0,0148461;0,200001;0,0268465;0,883059;0,000505225;265;
0,843;0,683739;0,0297361;0,200001;0,0268126;0,880835;0,000507779;166;
0,844;0,724204;0,0387091;0,200001;0,0267797;0,878676;0,000510281;166;
0,845;0,448937;0,0419959;0,200001;0,0267446;0,876369;0,000512969;166;
0,846;0,427192;0,0381167;0,2;0,0267105;0,874135;0,000515591;166;
0,847;0,81754;0,0197525;0,200001;0,0266781;0,872023;0,000518101;166;
0,848;0,653939;0,0210506;0,200001;0,0266421;0,869671;0,000520904;166;
0,849;0,287001;0,024675;0,2;0,0266078;0,867425;0,000523593;166;
0,85;0,889722;0,0413631;0,200002;0,0265728;0,865151;0,00052637;166;
0,851;0,629249;0,0226023;0,2;0,0265392;0,862962;0,000529025;166;
0,852;0,713986;0,0414965;0,200001;0,0265041;0,860678;0,000531841;166;
0,853;0,323694;0,0360782;0,2;0,026468;0,858339;0,000534739;166;
0,854;0,887949;0,0279074;0,200002;0,0264338;0,856128;0,000537532;166;
0,855;0,744802;0,02254;0,200001;0,0263981;0,85381;0,000540432;166;
0,856;0,822753;0,0475955;0,200002;0,0263635;0,851578;0,000543288;166;
0,857;0,657806;0,0197515;0,200002;0,0263253;0,849114;0,00054644;166;
0,858;0,630613;0,0241468;0,200001;0,0262906;0,846871;0,000549329;166;
0,859;0,621026;0,033139;0,200002;0,0262547;0,844566;0,000552341;166;
0,86;0,907282;0,0346465;0,200002;0,0262189;0,84226;0,000555374;166;
0,861;0,429744;0,0437339;0,2;0,0261818;0,839872;0,000558515;166;
0,862;0,567539;0,0349825;0,200001;0,0261463;0,837598;0,000561561;166;
0,863;0,59742;0,0152421;0,200001;0,0261087;0,835191;0,000564804;265;
0,864;0,209501;0,0338885;0,2;0,0260706;0,832753;0,000568101;166;
0,865;0,389106;0,0372949;0,2;0,0260339;0,83041;0,000571315;166;
0,866;0,428079;0,0114779;0,2;0,019678;0,474435;0,00175028;265;
0,867;0,928033;0,0161951;0,200003;0,0259602;0,825727;0,000577851;265;
0,868;0,957821;0,0315064;0,2;0,0259316;0,823898;0,000580377;364;
0,869;0,888;0,0331242;0,200002;0,0258836;0,820863;0,000584713;166;
0,87;0,966729;0,0368876;0,200001;0,0258468;0,818523;0,000588035;166;
0,871;0,208637;0,037025;0,2;0,0258076;0,81604;0,000591609;166;
0,872;0,671087;0,0274511;0,200001;0,0257708;0,81372;0,000595007;166;
0,873;0,523359;0,0258378;0,200001;0,0257323;0,811284;0,000598578;166;
0,874;0,891994;0,0272906;0,200002;0,0256921;0,808755;0,000602343;166;
0,875;0,592742;0,0478677;0,200001;0,0256523;0,806245;0,000606079;166;
0,876;0,949647;0,0365024;0,200002;0,0256131;0,803794;0,000609803;166;
0,877;0,840211;0,0129564;0,2;0,0226759;0,630002;0,000992601;265;
0,878;0,997753;0,0130985;0,2;0,0230208;0,649314;0,000934436;265;
0,879;0,758582;0,0448202;0,200001;0,0254942;0,796342;0,000621254;166;
0,88;0,28826;0,0207911;0,2;0,0254544;0,793853;0,000625144;166;
0,881;0,433681;0,0188662;0,2;0,0254137;0,791319;0,000629157;265;
0,882;0,318398;0,0392113;0,2;0,0253757;0,788953;0,000632932;166;
0,883;0,637067;0,0155294;0,200001;0,0253338;0,786355;0,000637135;265;
0,884;0,325594;0,047503;0,2;0,0252917;0,78374;0,000641384;166;
0,885;0,62909;0,0296444;0,200001;0,0252529;0,781339;0,000645335;166;
0,886;0,299092;0,0496547;0,2;0,0252106;0,778718;0,000649679;166;
0,887;0,411112;0,0266188;0,2;0,025169;0,776154;0,000653984;166;
0,888;0,60229;0,0448783;0,200001;0,0251273;0,773587;0,000658341;166;
0,889;0,664933;0,0143505;0,2;0,0240322;0,70762;0,000786788;265;
0,89;0,426528;0,0438401;0,2;0,0250429;0,768393;0,000667257;166;
0,891;0,292959;0,0179349;0,2;0,024999;0,765701;0,00067196;265;
0,892;0,438658;0,01156;0,2;0,0190233;0,443391;0,00200394;263;
0,893;0,891471;0,0313404;0,2;0,0456172;2,5496;6,06057e-05;638;
0,894;0,965118;0,0381978;0,200002;0,0248691;0,757775;0,000686118;166;
0,895;0,645289;0,0369112;0,200001;0,0248258;0,755133;0,000690907;166;
0,896;0,595296;0,0118605;0,2;0,0192056;0,451929;0,00192893;263;
0,897;0,979198;0,0292339;0,200001;0,0247369;0,749734;0,000700899;166;
0,898;0,430776;0,0393294;0,200001;0,0246904;0,746919;0,000706184;166;
0,899;0,235969;0,0320394;0,2;0,0242005;0,71757;0,000765118;292;
0,9;0,486765;0,0249889;0,200001;0,0246013;0,741539;0,000716474;166;
0,901;0,537081;0,0368383;0,200001;0,0245555;0,738775;0,000721841;166;
0,902;0,340231;0,0135957;0,2;0,0206163;0,520759;0,00145272;265;
0,903;0,604655;0,0325471;0,200001;0,0244638;0,733269;0,000732717;166;
0,904;0,571571;0,0102518;0,2;0,0200055;0,490357;0,00163845;262;
0,905;0,665889;0,0490318;0,200001;0,0243696;0,727634;0,000744123;166;
0,906;0,52011;0,024046;0,2;0,0243224;0,724816;0,000749904;166;
0,907;0,296955;0,0290754;0,2;0,0242752;0,722003;0,000755756;166;
0,908;0,737245;0,0302932;0,2;0,047529;2,76778;5,14274e-05;432;
0,909;0,622678;0,0306373;0,271265;0,0209616;0,730172;0,00339173;435;
0,91;0,753985;0,0460263;0,200001;0,0241285;0,713307;0,000774307;166;
0,911;0,530357;0,0297648;0,200001;0,0240796;0,710419;0,000780611;166;
0,912;0,863627;0,0479337;0,200002;0,024029;0,70744;0,000787228;166;
0,913;0,255661;0,0388448;0,2;0,0239792;0,704505;0,000793764;166;
0,914;0,890961;0,0154849;0,200002;0,0239291;0,701571;0,000800449;265;
0,915;0,243976;0,0107646;0,2;0,0202507;0,502452;0,00156052;264;
0,916;0,358872;0,0472646;0,2;0,0238258;0,695524;0,000814398;166;
0,917;0,958821;0,0121038;0,2;0,0190209;0,443281;0,00200494;263;
0,918;0,683111;0,0204802;0,200001;0,0237231;0,689542;0,000828605;166;
0,919;0,803984;0,0231547;0,200001;0,0236689;0,68639;0,000836226;166;
0,92;0,339507;0,0192062;0,2;0,023617;0,683382;0,000843595;166;
0,921;0,825158;0,0232708;0,200002;0,0235636;0,680301;0,000851285;166;
0,922;0,792726;0,0195556;0,200001;0,0235073;0,677053;0,000859459;166;
0,923;0,948326;0,0223208;0,200003;0,0234529;0,673928;0,000867479;166;
0,924;0,522369;0,0324771;0,200001;0,0233985;0,670801;0,000875542;166;
0,925;0,21669;0,042434;0,2;0,0233418;0,66755;0,000884076;166;
0,926;0,293404;0,0176233;0,2;0,0232863;0,664379;0,000892542;265;
0,927;0,58964;0,0292615;0,200001;0,0232302;0,661183;0,000901202;166;
0,928;0,90968;0,0149352;0,2;0,0218777;0,586435;0,00114556;265;
0,929;0,28283;0,0341313;0,2;0,0231125;0,654499;0,000919688;166;
0,93;0,830536;0,049608;0,200002;0,0230544;0,65122;0,000929018;166;
0,931;0,365362;0,0261315;0,2;0,0229969;0,64797;0,000938318;166;
0,932;0,871862;0,0276387;0,200001;0,0229352;0,644497;0,000948484;166;
0,933;0,615174;0,0389518;0,200001;0,022876;0,641177;0,000958322;166;
0,934;0,241132;0,0267626;0,2;0,0228137;0,637684;0,000968831;166;
0,935;0,78219;0,0119243;0,2;0,0195951;0,470445;0,00178009;260;
0,936;0,48282;0,0339246;0,200001;0,0226892;0,630745;0,000990275;166;
0,937;0,952755;0,0386256;0,200002;0,0226259;0,627234;0,00100142;166;
0,938;0,3508;0,0419748;0,2;0,0225624;0,623716;0,00101271;166;
0,939;0,288606;0,0210542;0,2;0,0224966;0,620083;0,00102462;166;
0,94;0,769345;0,0163504;0,200001;0,0224302;0,616429;0,00103683;263;
0,941;0,57151;0,0434226;0,200001;0,0223632;0,612751;0,0010493;166;
0,942;0,214721;0,0116136;0,2;0,0204797;0,51388;0,00149188;267;
0,943;0,974181;0,0183948;0,200001;0,0222268;0,605299;0,0010753;265;
0,944;0,392541;0,0430366;0,2;0,0221577;0,601542;0,00108875;166;
0,945;0,327235;0,0406799;0,2;0,0220873;0,597726;0,0011027;166;
0,946;0,487656;0,0473417;0,200001;0,0220156;0,593851;0,00111715;166;
0,947;0,822151;0,0493897;0,200001;0,0219436;0,58997;0,00113189;166;
0,948;0,328167;0,0429318;0,2;0,02187;0,586022;0,00114718;166;
0,949;0,878209;0,0307001;0,200001;0,0217842;0,581433;0,00116539;265;
0,95;0,641008;0,0328787;0,2;0,0217204;0,578033;0,00117912;166;
0,951;0,415162;0,0174539;0,200001;0,0216437;0,573958;0,00119593;265;
0,952;0,720421;0,0197642;0,200002;0,0215647;0,569776;0,00121358;166;
0,953;0,664861;0,0433809;0,2;0,0214878;0,565716;0,00123102;166;
0,954;0,776682;0,0117754;0,2;0,0207152;0,525767;0,00142518;270;
0,955;0,440929;0,0136756;0,2;0,0193982;0,461041;0,00185345;263;
0,956;0,539566;0,0287805;0,2;0,0212398;0,552731;0,00128953;166;
0,957;0,361776;0,0213767;0,2;0,0211554;0,548349;0,00131023;166;
0,958;0,229845;0,036335;0,2;0,0210685;0,543854;0,00133197;166;
0,959;0,623697;0,0252308;0,200001;0,0209807;0,53933;0,00135443;166;
0,96;0,585806;0,0126534;0,2;0,0203094;0,505369;0,00154256;271;
0,961;0,698738;0,0410256;0,200001;0,0208007;0,53012;0,00140192;166;
0,962;0,708849;0,0435038;0,200001;0,0207074;0,525371;0,00142736;166;
0,963;0,929961;0,0392244;0,200002;0,02061;0,520443;0,00145455;166;
0,964;0,460799;0,0219073;0,2;0,0205137;0,515586;0,00148203;166;
0,965;0,331464;0,0236704;0,2;0,0204138;0,510579;0,00151124;166;
0,966;0,849995;0,0382898;0,200001;0,0203125;0,505526;0,00154163;166;
0,967;0,491755;0,0454723;0,200001;0,0202066;0,50027;0,00157419;166;
0,968;0,911708;0,014589;0,2;0,0195234;0,46701;0,00180636;270;
0,969;0,955144;0,0417698;0,200001;0,0199924;0,489719;0,00164277;166;
0,97;0,331743;0,0236864;0,2;0,0198788;0,484167;0,00168063;166;
0,971;0,651828;0,026719;0,200001;0,0197622;0,478507;0,00172066;166;
0,972;0,625229;0,0346627;0,200001;0,0196447;0,472832;0,0017622;166;
0,973;0,634522;0,0387661;0,200001;0,0195219;0,466937;0,00180696;166;
0,974;0,56;0,0152409;0,2;0,0195992;0,470645;0,00177857;278;
0,975;0,211274;0,0351221;0,2;0,0192674;0,454844;0,00190429;166;
0,976;0,806369;0,024032;0,200001;0,0191327;0,448506;0,00195852;166;
0,977;0,897937;0,0427179;0,200002;0,018996;0,442123;0,00201556;166;
0,978;0,312877;0,0332032;0,2;0,0189395;0,439494;0,00203963;166;
0,979;0,770527;0,0439103;0,200001;0,0189377;0,439409;0,00204045;166;
0,98;0,381793;0,0272426;0,2;0,018938;0,439424;0,0020403;263;
0,981;0,960508;0,0228904;0,200001;0,0189387;0,439459;0,00204002;166;
0,982;0,42886;0,0187623;0,2;0,0189382;0,439432;0,00204021;398;
0,983;0,7705;0,0256049;0,2;0,0189374;0,439393;0,00204057;263;
0,984;0,711329;0,0439768;0,200001;0,01894;0,439516;0,00203946;166;
0,985;0,882286;0,0310686;0,2;0,0456089;2,54867;6,065e-05;638;
0,986;0,43133;0,042069;0,2;0,0189402;0,439526;0,00203936;164;
0,987;0,755836;0,0406401;0,200001;0,0189387;0,439455;0,00204002;166;
0,988;0,250056;0,0298672;0,2;0,0189373;0,439391;0,00204059;166;
0,989;0,466364;0,047963;0,2;0,0189403;0,439529;0,00203933;166;
0,99;0,791915;0,0184432;0,2;0,0189593;0,440414;0,00203112;306;
0,991;0,307136;0,023221;0,2;0,0189378;0,439413;0,00204038;265;
0,992;0,95151;0,017635;0,2;0,0190308;0,44374;0,00200078;313;
0,993;0,756587;0,0415202;0,2;0,0189376;0,439406;0,00204045;265;
0,994;0,91196;0,0303318;0,200001;0,0189368;0,439369;0,00204086;265;
0,995;0,75486;0,0187138;0,2;0,0189392;0,43948;0,00203976;403;
0,996;0,550462;0,0245685;0,200001;0,0189394;0,439492;0,0020397;166;
0,997;0,622788;0,0380121;0,200001;0,0189386;0,439451;0,00204006;166;
0,998;0,852238;0,0378136;0,257117;0,0205906;0,667813;0,00310206;261;
0,999;0,240208;0,0130064;0,2;0,0221284;0,599951;0,00109452;328;
1;0,468832;0,0282073;0,2;0,0189387;0,439454;0,00204002;166;
